# Monthly average temperature data for Bonaire, Saint Eustatius And Saba.
# Original data from Berkeley Earth (https://www.berkeleyearth.org) licensed CC-BY-NC.
# Processed to remove NaNs, include decimal year, convert temperature anomaly to absolute temperature, CVS format with UTF-8 encoding.
# The year_decimal assumes every month is 1/12 of a year and assigns the datum to the middle of the month.
# Downloaded and processed: 2025-02-11
year,month,year_decimal,temperature_C,uncertainty_C
1824,1,1824.042,27.057,0.656
1824,2,1824.125,26.615,2.314
1824,3,1824.208,27.293,1.014
1824,4,1824.292,27.624,2.042
1824,5,1824.375,27.143,1.499
1824,7,1824.542,27.806,1.243
1824,8,1824.625,26.763,2.043
1824,9,1824.708,26.507,1.745
1824,10,1824.792,26.230,0.750
1824,11,1824.875,27.053,1.628
1824,12,1824.958,27.592,2.465
1825,1,1825.042,27.438,2.119
1825,2,1825.125,27.140,1.486
1825,3,1825.208,27.660,1.612
1825,4,1825.292,28.188,1.884
1825,5,1825.375,27.523,1.429
1825,6,1825.458,27.789,0.774
1825,7,1825.542,27.585,2.624
1825,8,1825.625,26.979,2.085
1825,9,1825.708,26.289,1.211
1825,10,1825.792,26.422,1.290
1825,11,1825.875,27.423,2.721
1825,12,1825.958,27.048,1.425
1826,2,1826.125,26.366,1.404
1826,3,1826.208,26.726,1.360
1826,4,1826.292,27.470,1.795
1826,5,1826.375,27.680,1.035
1826,7,1826.542,27.523,0.991
1826,8,1826.625,26.518,1.359
1826,9,1826.708,26.201,1.641
1826,10,1826.792,26.515,2.067
1826,11,1826.875,27.550,1.096
1826,12,1826.958,28.136,1.554
1827,1,1827.042,27.654,2.317
1827,2,1827.125,27.901,2.222
1827,3,1827.208,27.964,1.738
1827,4,1827.292,28.266,1.768
1827,5,1827.375,27.720,1.483
1827,7,1827.542,27.699,0.785
1827,8,1827.625,26.810,1.401
1827,9,1827.708,26.119,0.878
1827,10,1827.792,26.381,0.963
1827,11,1827.875,27.683,0.778
1827,12,1827.958,27.117,2.527
1828,1,1828.042,26.397,1.909
1828,2,1828.125,26.420,0.924
1828,3,1828.208,27.220,0.886
1828,4,1828.292,27.567,1.887
1828,5,1828.375,27.418,1.746
1828,6,1828.458,27.776,1.939
1828,7,1828.542,27.515,0.847
1828,8,1828.625,27.156,1.115
1828,9,1828.708,25.803,1.256
1828,11,1828.875,27.450,1.920
1828,12,1828.958,27.190,3.892
1829,1,1829.042,26.729,2.536
1829,2,1829.125,26.394,2.138
1829,3,1829.208,27.027,1.095
1829,4,1829.292,27.300,1.406
1829,5,1829.375,27.538,2.453
1829,7,1829.542,27.408,0.972
1829,8,1829.625,26.857,1.398
1829,9,1829.708,26.156,1.076
1829,11,1829.875,26.574,1.563
1829,12,1829.958,26.813,2.941
1845,1,1845.042,26.997,1.284
1845,2,1845.125,25.725,1.375
1845,3,1845.208,26.617,0.883
1845,4,1845.292,26.850,0.944
1845,5,1845.375,26.543,0.802
1845,6,1845.458,26.734,0.869
1845,7,1845.542,27.309,0.955
1845,8,1845.625,26.830,0.898
1845,9,1845.708,26.330,0.986
1846,1,1846.042,27.635,3.236
1846,2,1846.125,27.428,1.706
1846,3,1846.208,27.859,0.981
1846,4,1846.292,26.476,1.826
1846,5,1846.375,27.094,0.904
1846,6,1846.458,27.635,1.075
1846,7,1846.542,27.839,0.794
1846,8,1846.625,27.337,0.814
1846,9,1846.708,26.872,0.974
1846,10,1846.792,26.309,1.061
1846,11,1846.875,26.157,1.131
1846,12,1846.958,27.091,1.384
1847,1,1847.042,27.569,1.168
1847,2,1847.125,27.087,1.495
1847,3,1847.208,26.185,1.816
1847,4,1847.292,26.786,1.001
1847,5,1847.375,26.419,0.930
1847,6,1847.458,27.078,1.060
1847,7,1847.542,27.348,0.954
1847,8,1847.625,27.045,1.045
1847,9,1847.708,26.800,1.101
1847,10,1847.792,26.663,0.934
1847,11,1847.875,26.706,1.181
1847,12,1847.958,25.376,1.359
1848,1,1848.042,25.704,1.111
1848,2,1848.125,27.191,1.371
1848,3,1848.208,26.585,0.885
1848,4,1848.292,26.822,1.058
1848,5,1848.375,26.462,1.153
1848,6,1848.458,27.009,1.400
1848,7,1848.542,27.753,1.228
1848,8,1848.625,26.764,0.922
1848,9,1848.708,26.486,1.034
1848,10,1848.792,26.722,1.058
1848,11,1848.875,26.522,1.062
1848,12,1848.958,26.463,0.922
1849,1,1849.042,27.090,1.264
1849,2,1849.125,26.687,1.330
1849,3,1849.208,27.235,1.287
1849,4,1849.292,26.118,1.509
1849,5,1849.375,26.520,1.081
1849,6,1849.458,26.898,1.284
1849,7,1849.542,27.464,1.280
1849,8,1849.625,27.016,1.026
1849,9,1849.708,26.585,1.239
1849,10,1849.792,27.063,0.979
1849,11,1849.875,26.497,1.246
1849,12,1849.958,26.479,1.247
1850,1,1850.042,26.143,1.245
1850,2,1850.125,26.866,1.387
1850,3,1850.208,27.153,1.039
1850,4,1850.292,26.621,1.328
1850,5,1850.375,26.404,1.064
1850,6,1850.458,27.043,0.985
1850,7,1850.542,27.520,0.834
1850,8,1850.625,27.255,0.921
1850,9,1850.708,27.088,0.853
1850,10,1850.792,26.462,1.301
1850,11,1850.875,26.202,1.468
1850,12,1850.958,26.402,1.237
1851,1,1851.042,27.090,1.021
1851,2,1851.125,26.616,1.162
1851,3,1851.208,26.229,0.908
1851,4,1851.292,26.511,1.423
1851,5,1851.375,26.793,1.146
1851,6,1851.458,27.067,1.080
1851,7,1851.542,27.756,0.756
1851,8,1851.625,27.006,0.956
1851,9,1851.708,26.616,0.839
1851,10,1851.792,27.025,1.286
1851,11,1851.875,26.522,1.773
1851,12,1851.958,26.733,0.995
1852,1,1852.042,26.345,1.599
1852,2,1852.125,26.332,1.395
1852,3,1852.208,25.740,1.169
1852,4,1852.292,26.523,1.117
1852,5,1852.375,27.066,1.227
1852,6,1852.458,27.182,1.132
1852,7,1852.542,27.297,0.719
1852,8,1852.625,27.013,1.056
1852,9,1852.708,26.889,0.851
1852,10,1852.792,26.359,1.027
1852,11,1852.875,26.314,0.920
1852,12,1852.958,26.688,1.447
1853,1,1853.042,26.767,1.370
1853,2,1853.125,25.758,3.241
1853,3,1853.208,26.703,0.961
1853,4,1853.292,26.874,1.873
1853,5,1853.375,26.846,1.078
1853,6,1853.458,27.361,1.044
1853,7,1853.542,27.394,0.732
1853,8,1853.625,26.714,0.945
1853,9,1853.708,26.537,0.607
1853,10,1853.792,26.842,1.278
1853,11,1853.875,26.618,1.089
1853,12,1853.958,26.984,1.247
1854,1,1854.042,26.670,1.005
1854,2,1854.125,26.038,0.922
1854,3,1854.208,26.529,0.931
1854,4,1854.292,26.215,0.808
1854,5,1854.375,26.898,0.763
1854,6,1854.458,26.991,0.953
1854,7,1854.542,27.446,0.945
1854,8,1854.625,26.791,0.776
1854,9,1854.708,26.401,0.770
1854,10,1854.792,27.096,1.691
1854,11,1854.875,26.407,1.010
1854,12,1854.958,27.236,1.742
1855,1,1855.042,26.730,1.412
1855,2,1855.125,26.725,1.829
1855,3,1855.208,26.782,1.432
1855,4,1855.292,26.655,1.048
1855,5,1855.375,26.937,1.133
1855,6,1855.458,27.332,0.977
1855,7,1855.542,26.853,0.705
1855,8,1855.625,27.236,1.128
1855,9,1855.708,26.610,0.758
1855,10,1855.792,26.694,0.677
1855,11,1855.875,26.750,0.777
1855,12,1855.958,27.066,1.312
1856,1,1856.042,28.058,0.841
1856,2,1856.125,27.129,2.688
1856,3,1856.208,27.454,1.529
1856,4,1856.292,26.774,0.809
1856,5,1856.375,27.215,0.827
1856,6,1856.458,27.367,0.674
1856,7,1856.542,27.327,0.941
1856,8,1856.625,26.768,0.848
1856,9,1856.708,26.522,0.687
1856,10,1856.792,26.854,0.818
1856,11,1856.875,27.001,0.819
1856,12,1856.958,27.033,1.362
1857,1,1857.042,26.576,0.776
1857,2,1857.125,25.881,1.009
1857,3,1857.208,26.429,0.553
1857,4,1857.292,26.269,0.995
1857,5,1857.375,26.120,1.049
1857,6,1857.458,26.720,0.920
1857,7,1857.542,27.089,0.882
1857,8,1857.625,26.263,0.827
1857,9,1857.708,25.946,0.607
1857,10,1857.792,26.319,0.952
1857,11,1857.875,26.072,1.173
1857,12,1857.958,26.035,1.553
1858,1,1858.042,26.446,1.220
1858,2,1858.125,26.128,1.378
1858,3,1858.208,25.995,0.746
1858,4,1858.292,26.293,0.976
1858,5,1858.375,26.412,1.252
1858,6,1858.458,26.516,1.217
1858,7,1858.542,26.973,0.894
1858,8,1858.625,26.763,0.712
1858,9,1858.708,26.662,1.042
1858,10,1858.792,26.366,0.604
1858,11,1858.875,26.803,0.962
1858,12,1858.958,25.883,1.098
1859,1,1859.042,26.484,1.210
1859,2,1859.125,25.846,1.503
1859,3,1859.208,26.004,1.581
1859,4,1859.292,26.580,1.354
1859,5,1859.375,27.009,0.935
1859,6,1859.458,26.581,1.115
1859,7,1859.542,26.834,0.624
1859,8,1859.625,26.704,0.635
1859,9,1859.708,26.498,0.745
1859,10,1859.792,26.814,1.024
1859,11,1859.875,26.285,1.424
1859,12,1859.958,26.382,1.622
1860,1,1860.042,26.816,1.020
1860,2,1860.125,26.124,1.046
1860,3,1860.208,26.145,1.294
1860,4,1860.292,26.567,0.683
1860,5,1860.375,26.843,0.936
1860,6,1860.458,26.920,0.824
1860,7,1860.542,27.302,0.806
1860,8,1860.625,26.815,0.681
1860,9,1860.708,26.679,0.863
1860,10,1860.792,26.622,0.742
1860,11,1860.875,26.497,1.267
1860,12,1860.958,26.356,1.309
1861,1,1861.042,25.691,1.848
1861,2,1861.125,26.529,0.990
1861,3,1861.208,26.483,0.899
1861,4,1861.292,26.840,1.202
1861,5,1861.375,26.696,0.752
1861,6,1861.458,26.464,0.794
1861,7,1861.542,27.159,0.561
1861,8,1861.625,26.969,0.821
1861,9,1861.708,26.691,0.942
1861,10,1861.792,26.962,0.654
1861,11,1861.875,26.810,0.914
1861,12,1861.958,26.616,0.808
1862,1,1862.042,25.826,0.999
1862,2,1862.125,26.607,0.858
1862,3,1862.208,26.367,0.926
1862,4,1862.292,26.284,1.281
1862,5,1862.375,27.071,1.018
1862,6,1862.458,26.877,0.880
1862,7,1862.542,27.204,0.620
1862,8,1862.625,26.825,0.830
1862,9,1862.708,26.778,0.641
1862,10,1862.792,26.860,1.113
1862,11,1862.875,26.197,0.979
1862,12,1862.958,26.137,1.194
1863,1,1863.042,26.466,1.405
1863,2,1863.125,27.035,2.131
1863,3,1863.208,26.260,1.027
1863,4,1863.292,26.358,1.285
1863,5,1863.375,27.068,0.814
1863,6,1863.458,27.248,0.738
1863,7,1863.542,26.889,0.740
1863,8,1863.625,26.779,0.601
1863,9,1863.708,26.598,0.819
1863,10,1863.792,26.870,0.947
1863,11,1863.875,26.540,1.098
1863,12,1863.958,26.077,1.557
1864,1,1864.042,26.769,1.520
1864,2,1864.125,26.261,1.028
1864,3,1864.208,26.123,1.281
1864,4,1864.292,26.604,1.077
1864,5,1864.375,26.684,0.643
1864,6,1864.458,27.014,0.566
1864,7,1864.542,26.974,1.264
1864,8,1864.625,26.648,1.207
1864,9,1864.708,27.298,1.217
1864,10,1864.792,27.394,0.734
1864,11,1864.875,26.806,1.184
1864,12,1864.958,26.735,0.784
1865,1,1865.042,27.667,0.989
1865,2,1865.125,26.512,0.992
1865,3,1865.208,26.321,0.847
1865,4,1865.292,26.460,1.135
1865,5,1865.375,27.160,0.563
1865,6,1865.458,27.237,0.889
1865,7,1865.542,27.108,1.233
1865,8,1865.625,27.211,1.120
1865,9,1865.708,26.608,0.921
1865,10,1865.792,26.970,0.698
1865,11,1865.875,26.773,0.954
1865,12,1865.958,26.701,1.460
1866,1,1866.042,26.590,1.360
1866,2,1866.125,26.477,1.553
1866,3,1866.208,25.548,1.309
1866,4,1866.292,26.434,1.174
1866,5,1866.375,26.911,0.827
1866,6,1866.458,26.979,0.648
1866,7,1866.542,27.248,0.937
1866,8,1866.625,27.155,0.711
1866,9,1866.708,26.974,0.816
1866,10,1866.792,26.860,0.439
1866,11,1866.875,26.580,0.733
1866,12,1866.958,26.976,0.848
1867,1,1867.042,26.937,0.835
1867,2,1867.125,26.211,1.217
1867,3,1867.208,26.582,0.887
1867,4,1867.292,26.938,1.091
1867,5,1867.375,27.474,0.597
1867,6,1867.458,27.289,0.606
1867,7,1867.542,27.500,1.567
1867,8,1867.625,26.998,0.517
1867,9,1867.708,26.967,0.580
1867,10,1867.792,27.085,0.629
1867,11,1867.875,27.005,2.510
1867,12,1867.958,27.038,2.876
1868,1,1868.042,27.392,0.996
1868,2,1868.125,26.702,1.064
1868,3,1868.208,26.160,0.771
1868,4,1868.292,27.023,1.391
1868,5,1868.375,27.011,0.988
1868,6,1868.458,27.197,0.572
1868,7,1868.542,27.472,1.247
1868,8,1868.625,27.495,0.947
1868,9,1868.708,27.249,0.961
1868,10,1868.792,27.505,0.550
1868,11,1868.875,27.303,1.373
1868,12,1868.958,27.501,1.045
1869,1,1869.042,27.168,1.355
1869,2,1869.125,27.210,2.963
1869,3,1869.208,26.868,0.876
1869,4,1869.292,27.696,1.040
1869,5,1869.375,28.222,0.689
1869,6,1869.458,28.127,1.863
1869,7,1869.542,28.217,1.123
1869,8,1869.625,27.522,1.044
1869,9,1869.708,27.479,0.823
1869,10,1869.792,27.725,1.266
1869,11,1869.875,27.007,0.469
1869,12,1869.958,26.495,1.276
1870,1,1870.042,26.576,0.825
1870,2,1870.125,26.651,0.966
1870,3,1870.208,26.433,1.027
1870,4,1870.292,26.550,1.280
1870,5,1870.375,26.863,0.857
1870,6,1870.458,26.735,1.299
1870,7,1870.542,27.259,0.858
1870,8,1870.625,26.899,1.323
1870,9,1870.708,27.091,1.143
1870,10,1870.792,26.650,0.805
1870,11,1870.875,26.642,0.947
1870,12,1870.958,26.715,0.743
1871,1,1871.042,26.566,0.892
1871,2,1871.125,26.132,0.840
1871,3,1871.208,26.172,0.969
1871,4,1871.292,26.707,0.625
1871,5,1871.375,27.284,1.004
1871,6,1871.458,27.583,0.571
1871,7,1871.542,27.597,0.618
1871,8,1871.625,27.459,0.736
1871,9,1871.708,27.402,0.829
1871,10,1871.792,27.158,0.552
1871,11,1871.875,26.701,1.485
1871,12,1871.958,26.915,0.524
1872,1,1872.042,26.967,1.482
1872,2,1872.125,27.649,1.326
1872,3,1872.208,27.889,2.010
1872,4,1872.292,26.755,1.385
1872,5,1872.375,27.027,1.404
1872,6,1872.458,27.073,1.211
1872,7,1872.542,27.527,1.638
1872,8,1872.625,27.156,1.936
1872,9,1872.708,27.581,0.857
1872,10,1872.792,27.836,0.459
1872,11,1872.875,27.330,1.091
1872,12,1872.958,27.105,1.317
1873,1,1873.042,26.928,0.633
1873,2,1873.125,26.339,0.884
1873,3,1873.208,26.380,1.052
1873,4,1873.292,26.488,1.022
1873,5,1873.375,27.178,1.307
1873,6,1873.458,27.294,0.826
1873,7,1873.542,27.678,0.622
1873,8,1873.625,27.291,0.694
1873,9,1873.708,27.112,0.712
1873,10,1873.792,27.171,0.587
1873,11,1873.875,27.056,0.777
1873,12,1873.958,26.963,0.565
1874,1,1874.042,26.817,1.041
1874,2,1874.125,26.954,0.688
1874,3,1874.208,26.396,0.860
1874,4,1874.292,26.937,1.181
1874,5,1874.375,26.938,0.690
1874,6,1874.458,26.774,0.725
1874,7,1874.542,27.115,0.969
1874,8,1874.625,27.147,0.711
1874,9,1874.708,26.778,0.841
1874,10,1874.792,27.262,0.505
1874,11,1874.875,26.839,0.597
1874,12,1874.958,26.735,0.830
1875,1,1875.042,26.995,1.103
1875,2,1875.125,26.985,1.055
1875,3,1875.208,26.301,0.937
1875,4,1875.292,26.772,0.954
1875,5,1875.375,26.754,0.469
1875,6,1875.458,27.126,0.584
1875,7,1875.542,27.150,0.502
1875,8,1875.625,27.341,0.624
1875,9,1875.708,27.064,0.571
1875,10,1875.792,27.352,0.523
1875,11,1875.875,26.651,0.792
1875,12,1875.958,26.733,0.938
1876,1,1876.042,26.915,1.106
1876,2,1876.125,26.959,0.540
1876,3,1876.208,26.606,0.943
1876,4,1876.292,26.930,1.048
1876,5,1876.375,26.946,1.175
1876,6,1876.458,27.048,0.771
1876,7,1876.542,27.340,0.611
1876,8,1876.625,27.163,0.638
1876,9,1876.708,27.378,0.656
1876,10,1876.792,27.402,0.578
1876,11,1876.875,27.732,1.335
1876,12,1876.958,27.836,0.791
1877,1,1877.042,27.501,0.716
1877,2,1877.125,27.098,1.095
1877,3,1877.208,27.333,0.461
1877,4,1877.292,27.098,0.898
1877,5,1877.375,27.206,1.220
1877,6,1877.458,26.763,1.169
1877,7,1877.542,27.324,0.622
1877,8,1877.625,27.746,0.559
1877,9,1877.708,27.755,0.418
1877,10,1877.792,27.616,0.701
1877,11,1877.875,27.640,0.719
1877,12,1877.958,27.604,1.777
1878,1,1878.042,27.772,2.368
1878,2,1878.125,28.370,1.372
1878,3,1878.208,28.389,0.964
1878,4,1878.292,28.377,0.897
1878,5,1878.375,27.508,0.678
1878,6,1878.458,27.456,0.892
1878,7,1878.542,27.283,0.632
1878,8,1878.625,26.879,0.527
1878,9,1878.708,27.298,0.549
1878,10,1878.792,27.529,0.668
1878,11,1878.875,27.461,0.675
1878,12,1878.958,27.734,0.799
1879,1,1879.042,27.361,0.606
1879,2,1879.125,27.392,0.754
1879,3,1879.208,26.698,0.921
1879,4,1879.292,27.082,0.774
1879,5,1879.375,27.029,0.787
1879,6,1879.458,26.614,0.890
1879,7,1879.542,26.637,0.689
1879,8,1879.625,26.738,0.691
1879,9,1879.708,26.625,0.527
1879,10,1879.792,26.677,0.783
1879,11,1879.875,26.777,0.821
1879,12,1879.958,26.442,1.257
1880,1,1880.042,26.037,1.382
1880,2,1880.125,25.923,0.735
1880,3,1880.208,26.368,0.888
1880,4,1880.292,26.048,0.604
1880,5,1880.375,26.259,0.671
1880,6,1880.458,26.621,0.967
1880,7,1880.542,26.849,0.992
1880,8,1880.625,26.461,0.702
1880,9,1880.708,26.569,0.642
1880,10,1880.792,27.023,0.777
1880,11,1880.875,26.822,0.620
1880,12,1880.958,26.721,0.770
1881,1,1881.042,26.999,0.861
1881,2,1881.125,26.488,1.162
1881,3,1881.208,27.147,0.792
1881,4,1881.292,26.892,0.498
1881,5,1881.375,26.963,1.128
1881,6,1881.458,27.214,0.881
1881,7,1881.542,27.273,0.677
1881,8,1881.625,26.979,0.773
1881,9,1881.708,26.248,0.995
1881,10,1881.792,26.519,0.722
1881,11,1881.875,26.306,0.716
1881,12,1881.958,26.235,0.759
1882,1,1882.042,26.007,1.141
1882,2,1882.125,25.818,0.834
1882,3,1882.208,25.530,1.059
1882,4,1882.292,26.155,0.963
1882,5,1882.375,26.633,0.682
1882,6,1882.458,26.881,0.764
1882,7,1882.542,27.009,0.400
1882,8,1882.625,26.710,0.748
1882,9,1882.708,26.852,0.802
1882,10,1882.792,26.590,0.974
1882,11,1882.875,26.503,0.719
1882,12,1882.958,27.255,0.787
1883,1,1883.042,26.911,0.574
1883,2,1883.125,26.363,0.784
1883,3,1883.208,26.761,0.952
1883,4,1883.292,26.601,0.829
1883,5,1883.375,26.711,0.586
1883,6,1883.458,26.757,0.657
1883,7,1883.542,26.987,0.765
1883,8,1883.625,27.057,0.832
1883,9,1883.708,26.768,0.730
1883,10,1883.792,26.355,0.749
1883,11,1883.875,26.099,0.858
1883,12,1883.958,26.346,0.797
1884,1,1884.042,26.923,0.952
1884,2,1884.125,25.676,0.921
1884,3,1884.208,25.514,0.804
1884,4,1884.292,25.743,0.577
1884,5,1884.375,26.333,0.480
1884,6,1884.458,27.049,0.688
1884,7,1884.542,27.431,0.552
1884,8,1884.625,26.605,0.596
1884,9,1884.708,26.634,0.820
1884,10,1884.792,26.347,0.653
1884,11,1884.875,27.422,1.547
1884,12,1884.958,26.485,0.976
1885,1,1885.042,26.408,0.855
1885,2,1885.125,27.031,1.070
1885,3,1885.208,26.697,0.662
1885,4,1885.292,26.351,0.795
1885,5,1885.375,27.037,0.977
1885,6,1885.458,27.101,0.744
1885,7,1885.542,27.287,1.074
1885,8,1885.625,27.141,0.738
1885,9,1885.708,27.086,0.861
1885,10,1885.792,27.077,0.968
1885,11,1885.875,27.420,0.787
1885,12,1885.958,27.317,0.846
1886,1,1886.042,26.901,1.178
1886,2,1886.125,27.115,0.827
1886,3,1886.208,26.799,0.784
1886,4,1886.292,26.555,1.077
1886,5,1886.375,26.893,0.704
1886,6,1886.458,27.077,0.802
1886,7,1886.542,26.887,0.959
1886,8,1886.625,26.687,1.065
1886,9,1886.708,26.471,1.228
1886,10,1886.792,26.877,0.787
1886,11,1886.875,26.464,0.750
1886,12,1886.958,26.620,1.191
1887,1,1887.042,26.132,0.555
1887,2,1887.125,25.376,0.488
1887,3,1887.208,25.847,0.667
1887,4,1887.292,26.164,0.595
1887,5,1887.375,26.527,1.003
1887,6,1887.458,26.708,0.832
1887,7,1887.542,27.143,0.526
1887,8,1887.625,27.018,0.733
1887,9,1887.708,27.207,0.780
1887,10,1887.792,27.346,0.621
1887,11,1887.875,27.047,0.369
1887,12,1887.958,26.679,0.850
1888,1,1888.042,26.347,0.797
1888,2,1888.125,26.599,1.171
1888,3,1888.208,26.630,0.677
1888,4,1888.292,26.735,0.993
1888,5,1888.375,26.913,0.728
1888,6,1888.458,27.297,0.840
1888,7,1888.542,27.623,0.887
1888,8,1888.625,27.358,0.525
1888,9,1888.708,27.718,0.664
1888,10,1888.792,27.330,0.767
1888,11,1888.875,26.956,0.460
1888,12,1888.958,27.611,0.480
1889,1,1889.042,27.342,0.735
1889,2,1889.125,28.033,0.637
1889,3,1889.208,27.951,1.017
1889,4,1889.292,28.192,0.716
1889,5,1889.375,27.965,1.100
1889,6,1889.458,27.392,0.742
1889,7,1889.542,27.401,0.518
1889,8,1889.625,27.350,0.479
1889,9,1889.708,26.967,0.683
1889,10,1889.792,27.367,0.529
1889,11,1889.875,26.941,0.910
1889,12,1889.958,26.503,1.128
1890,1,1890.042,26.102,0.787
1890,2,1890.125,25.756,0.813
1890,3,1890.208,26.439,0.828
1890,4,1890.292,26.123,0.905
1890,5,1890.375,26.730,0.725
1890,6,1890.458,26.861,0.689
1890,7,1890.542,26.790,0.657
1890,8,1890.625,26.782,0.724
1890,9,1890.708,26.537,0.643
1890,10,1890.792,26.755,0.496
1890,11,1890.875,26.473,0.793
1890,12,1890.958,26.720,0.433
1891,1,1891.042,26.817,0.643
1891,2,1891.125,26.644,0.648
1891,3,1891.208,26.885,0.475
1891,4,1891.292,27.243,0.558
1891,5,1891.375,27.527,0.605
1891,6,1891.458,27.253,0.451
1891,7,1891.542,27.869,0.626
1891,8,1891.625,27.663,0.814
1891,9,1891.708,27.611,0.495
1891,10,1891.792,27.491,0.352
1891,11,1891.875,27.580,0.445
1891,12,1891.958,26.777,0.588
1892,1,1892.042,27.605,0.631
1892,2,1892.125,26.783,0.901
1892,3,1892.208,27.417,1.046
1892,4,1892.292,26.700,0.928
1892,5,1892.375,26.863,0.842
1892,6,1892.458,26.710,0.689
1892,7,1892.542,27.195,0.453
1892,8,1892.625,26.774,0.662
1892,9,1892.708,27.247,0.566
1892,10,1892.792,27.091,0.385
1892,11,1892.875,26.683,0.347
1892,12,1892.958,26.823,0.538
1893,1,1893.042,26.317,0.807
1893,2,1893.125,27.005,0.635
1893,3,1893.208,26.362,1.012
1893,4,1893.292,27.019,0.812
1893,5,1893.375,26.689,0.761
1893,6,1893.458,26.857,0.915
1893,7,1893.542,26.999,0.554
1893,8,1893.625,27.521,0.925
1893,9,1893.708,26.768,0.700
1893,10,1893.792,26.710,0.759
1893,11,1893.875,26.744,0.417
1893,12,1893.958,26.420,0.363
1894,1,1894.042,26.514,0.660
1894,2,1894.125,26.256,0.801
1894,3,1894.208,25.794,0.706
1894,4,1894.292,26.549,0.613
1894,5,1894.375,27.202,0.785
1894,6,1894.458,27.096,0.588
1894,7,1894.542,26.457,1.130
1894,8,1894.625,26.540,1.157
1894,9,1894.708,26.661,1.056
1894,10,1894.792,26.763,0.664
1894,11,1894.875,26.649,0.540
1894,12,1894.958,26.729,0.841
1895,1,1895.042,26.493,0.732
1895,2,1895.125,26.705,0.757
1895,3,1895.208,26.727,0.601
1895,4,1895.292,27.218,0.561
1895,5,1895.375,27.072,0.499
1895,6,1895.458,26.945,0.627
1895,7,1895.542,27.287,0.381
1895,8,1895.625,27.277,0.391
1895,9,1895.708,27.320,0.386
1895,10,1895.792,26.876,0.888
1895,11,1895.875,26.684,0.485
1895,12,1895.958,26.597,0.566
1896,1,1896.042,26.612,0.548
1896,2,1896.125,27.010,0.770
1896,3,1896.208,26.933,0.418
1896,4,1896.292,26.437,0.832
1896,5,1896.375,26.686,0.745
1896,6,1896.458,26.932,0.856
1896,7,1896.542,27.608,0.647
1896,8,1896.625,27.237,0.409
1896,9,1896.708,27.367,0.524
1896,10,1896.792,27.866,0.458
1896,11,1896.875,26.966,0.797
1896,12,1896.958,27.157,0.339
1897,1,1897.042,27.057,0.717
1897,2,1897.125,27.194,0.421
1897,3,1897.208,27.062,0.360
1897,4,1897.292,27.926,0.892
1897,5,1897.375,27.149,0.537
1897,6,1897.458,27.022,0.936
1897,7,1897.542,27.115,0.815
1897,8,1897.625,27.434,0.343
1897,9,1897.708,27.161,0.576
1897,10,1897.792,27.701,0.789
1897,11,1897.875,26.600,0.654
1897,12,1897.958,27.089,0.423
1898,1,1898.042,26.840,0.717
1898,2,1898.125,26.339,0.594
1898,3,1898.208,26.009,1.003
1898,4,1898.292,26.900,1.107
1898,5,1898.375,27.424,0.392
1898,6,1898.458,27.228,0.451
1898,7,1898.542,27.011,0.279
1898,8,1898.625,26.908,0.561
1898,9,1898.708,26.854,0.385
1898,10,1898.792,27.086,0.489
1898,11,1898.875,26.855,0.664
1898,12,1898.958,26.999,0.667
1899,1,1899.042,26.821,0.626
1899,2,1899.125,27.040,0.889
1899,3,1899.208,26.752,0.816
1899,4,1899.292,27.182,0.779
1899,5,1899.375,27.300,0.366
1899,6,1899.458,27.200,0.494
1899,7,1899.542,27.433,0.619
1899,8,1899.625,27.341,0.487
1899,9,1899.708,27.293,0.608
1899,10,1899.792,26.890,0.597
1899,11,1899.875,27.569,0.740
1899,12,1899.958,26.950,0.414
1900,1,1900.042,27.210,0.583
1900,2,1900.125,27.759,1.011
1900,3,1900.208,27.719,0.663
1900,4,1900.292,27.559,0.519
1900,5,1900.375,28.085,1.181
1900,6,1900.458,27.494,0.898
1900,7,1900.542,27.811,0.773
1900,8,1900.625,27.417,0.659
1900,9,1900.708,27.049,0.618
1900,10,1900.792,26.925,0.913
1900,11,1900.875,26.928,0.701
1900,12,1900.958,26.984,1.265
1901,1,1901.042,27.108,0.641
1901,2,1901.125,27.108,0.511
1901,3,1901.208,27.530,0.803
1901,4,1901.292,27.886,0.717
1901,5,1901.375,27.999,0.795
1901,6,1901.458,27.417,0.477
1901,7,1901.542,27.292,0.423
1901,8,1901.625,27.276,0.326
1901,9,1901.708,27.412,0.382
1901,10,1901.792,27.045,0.565
1901,11,1901.875,26.716,0.841
1901,12,1901.958,26.880,0.475
1902,1,1902.042,26.920,0.677
1902,2,1902.125,27.084,0.561
1902,3,1902.208,26.540,0.652
1902,4,1902.292,27.226,0.443
1902,5,1902.375,27.553,0.432
1902,6,1902.458,27.379,0.464
1902,7,1902.542,27.659,0.481
1902,8,1902.625,27.530,0.383
1902,9,1902.708,27.269,0.481
1902,10,1902.792,27.018,0.296
1902,11,1902.875,27.077,0.629
1902,12,1902.958,27.197,0.641
1903,1,1903.042,27.083,0.806
1903,2,1903.125,27.480,0.561
1903,3,1903.208,27.233,0.467
1903,4,1903.292,27.591,0.366
1903,5,1903.375,27.801,0.472
1903,6,1903.458,27.762,0.300
1903,7,1903.542,27.303,0.491
1903,8,1903.625,27.009,0.281
1903,9,1903.708,26.981,0.401
1903,10,1903.792,27.144,0.268
1903,11,1903.875,26.858,0.463
1903,12,1903.958,26.841,0.581
1904,1,1904.042,26.867,0.586
1904,2,1904.125,26.426,0.658
1904,3,1904.208,26.373,0.712
1904,4,1904.292,26.506,0.566
1904,5,1904.375,26.919,0.347
1904,6,1904.458,26.864,0.335
1904,7,1904.542,26.778,0.375
1904,8,1904.625,26.914,0.199
1904,9,1904.708,26.795,0.191
1904,10,1904.792,26.832,0.397
1904,11,1904.875,27.211,0.506
1904,12,1904.958,27.005,0.547
1905,1,1905.042,26.923,0.735
1905,2,1905.125,26.859,0.366
1905,3,1905.208,26.552,0.237
1905,4,1905.292,27.484,0.194
1905,5,1905.375,26.893,0.313
1905,6,1905.458,27.331,0.372
1905,7,1905.542,27.490,0.275
1905,8,1905.625,27.434,0.499
1905,9,1905.708,27.075,0.236
1905,10,1905.792,27.335,0.412
1905,11,1905.875,27.313,0.571
1905,12,1905.958,27.015,0.700
1906,1,1906.042,26.964,0.653
1906,2,1906.125,26.972,0.611
1906,3,1906.208,27.038,0.442
1906,4,1906.292,27.187,0.419
1906,5,1906.375,27.307,0.371
1906,6,1906.458,27.117,1.056
1906,7,1906.542,27.092,0.284
1906,8,1906.625,27.116,0.221
1906,9,1906.708,27.193,0.383
1906,10,1906.792,26.882,0.448
1906,11,1906.875,27.263,0.480
1906,12,1906.958,26.241,0.664
1907,1,1907.042,25.751,0.469
1907,2,1907.125,25.943,0.559
1907,3,1907.208,26.248,0.385
1907,4,1907.292,26.978,0.567
1907,5,1907.375,26.801,0.205
1907,6,1907.458,27.180,0.194
1907,7,1907.542,26.957,0.525
1907,8,1907.625,27.082,0.258
1907,9,1907.708,27.054,0.320
1907,10,1907.792,27.025,0.484
1907,11,1907.875,26.889,0.509
1907,12,1907.958,27.152,0.538
1908,1,1908.042,27.078,0.556
1908,2,1908.125,26.830,0.658
1908,3,1908.208,26.602,0.328
1908,4,1908.292,26.678,0.410
1908,5,1908.375,27.048,0.350
1908,6,1908.458,27.151,0.280
1908,7,1908.542,27.179,0.463
1908,8,1908.625,27.326,0.231
1908,9,1908.708,26.939,0.362
1908,10,1908.792,26.788,0.390
1908,11,1908.875,26.672,0.242
1908,12,1908.958,26.764,0.383
1909,1,1909.042,26.754,0.809
1909,2,1909.125,26.376,0.558
1909,3,1909.208,27.403,1.028
1909,4,1909.292,26.527,0.545
1909,5,1909.375,27.097,0.453
1909,6,1909.458,26.854,0.543
1909,7,1909.542,27.071,0.334
1909,8,1909.625,26.910,0.310
1909,9,1909.708,27.194,0.515
1909,10,1909.792,27.085,0.221
1909,11,1909.875,26.638,0.518
1909,12,1909.958,26.292,0.568
1910,1,1910.042,26.284,0.377
1910,2,1910.125,26.350,0.456
1910,3,1910.208,26.118,0.426
1910,4,1910.292,26.689,0.449
1910,5,1910.375,27.294,1.291
1910,6,1910.458,27.328,0.617
1910,7,1910.542,27.414,1.056
1910,8,1910.625,27.377,0.783
1910,9,1910.708,26.822,0.439
1910,10,1910.792,26.698,0.222
1910,11,1910.875,27.086,0.393
1910,12,1910.958,26.993,0.480
1911,1,1911.042,26.235,0.408
1911,2,1911.125,26.588,0.832
1911,3,1911.208,26.378,0.530
1911,4,1911.292,27.098,0.282
1911,5,1911.375,26.855,0.365
1911,6,1911.458,27.063,0.442
1911,7,1911.542,27.108,0.613
1911,8,1911.625,26.891,0.740
1911,9,1911.708,27.035,0.582
1911,10,1911.792,27.242,0.448
1911,11,1911.875,27.040,0.495
1911,12,1911.958,26.967,0.404
1912,1,1912.042,27.181,0.468
1912,2,1912.125,27.286,0.465
1912,3,1912.208,26.951,0.479
1912,4,1912.292,26.822,0.695
1912,5,1912.375,27.595,0.684
1912,6,1912.458,26.745,0.726
1912,7,1912.542,27.024,0.529
1912,8,1912.625,26.875,0.590
1912,9,1912.708,26.782,0.644
1912,10,1912.792,26.846,0.479
1912,11,1912.875,26.809,0.646
1912,12,1912.958,26.857,0.528
1913,1,1913.042,26.713,0.375
1913,2,1913.125,26.178,0.965
1913,3,1913.208,26.298,0.733
1913,4,1913.292,26.189,0.521
1913,5,1913.375,26.452,0.441
1913,6,1913.458,26.827,0.325
1913,7,1913.542,27.017,0.293
1913,8,1913.625,26.829,0.353
1913,9,1913.708,26.593,0.375
1913,10,1913.792,26.474,0.277
1913,11,1913.875,26.502,0.556
1913,12,1913.958,26.352,0.426
1914,1,1914.042,26.825,0.572
1914,2,1914.125,27.008,0.558
1914,3,1914.208,26.991,0.287
1914,4,1914.292,27.015,0.240
1914,5,1914.375,26.946,0.529
1914,6,1914.458,26.743,0.418
1914,7,1914.542,27.190,0.441
1914,8,1914.625,26.982,0.421
1914,9,1914.708,27.151,0.318
1914,10,1914.792,27.002,0.506
1914,11,1914.875,27.023,0.402
1914,12,1914.958,27.774,0.864
1915,1,1915.042,27.304,0.502
1915,2,1915.125,27.268,0.492
1915,3,1915.208,27.812,0.228
1915,4,1915.292,27.241,0.177
1915,5,1915.375,27.834,0.159
1915,6,1915.458,27.799,0.386
1915,7,1915.542,27.676,0.522
1915,8,1915.625,27.658,0.469
1915,9,1915.708,27.369,0.338
1915,10,1915.792,27.597,0.405
1915,11,1915.875,27.192,0.295
1915,12,1915.958,27.347,0.395
1916,1,1916.042,26.778,0.248
1916,2,1916.125,26.629,0.243
1916,3,1916.208,26.738,0.272
1916,4,1916.292,27.140,0.298
1916,5,1916.375,27.581,0.388
1916,6,1916.458,27.425,0.406
1916,7,1916.542,27.363,0.449
1916,8,1916.625,27.109,0.318
1916,9,1916.708,26.999,0.277
1916,10,1916.792,26.904,0.303
1916,11,1916.875,26.526,0.396
1916,12,1916.958,26.019,0.439
1917,1,1917.042,25.972,0.599
1917,2,1917.125,25.922,0.578
1917,3,1917.208,25.901,0.356
1917,4,1917.292,26.359,0.838
1917,5,1917.375,26.738,0.638
1917,6,1917.458,26.889,0.653
1917,7,1917.542,26.805,0.633
1917,8,1917.625,26.978,0.612
1917,9,1917.708,26.533,0.438
1917,10,1917.792,26.967,0.630
1917,11,1917.875,26.675,0.271
1917,12,1917.958,26.457,0.352
1918,1,1918.042,26.358,0.293
1918,2,1918.125,26.537,0.415
1918,3,1918.208,26.395,0.880
1918,4,1918.292,26.233,0.353
1918,5,1918.375,26.471,0.427
1918,6,1918.458,26.798,0.229
1918,7,1918.542,27.235,0.488
1918,8,1918.625,27.176,0.389
1918,9,1918.708,27.319,0.300
1918,10,1918.792,26.958,0.354
1918,11,1918.875,26.862,0.518
1918,12,1918.958,26.628,0.494
1919,1,1919.042,26.595,0.472
1919,2,1919.125,27.076,0.510
1919,3,1919.208,26.318,0.989
1919,4,1919.292,27.074,0.582
1919,5,1919.375,27.442,1.018
1919,6,1919.458,27.421,0.341
1919,7,1919.542,27.318,0.339
1919,8,1919.625,27.469,0.435
1919,9,1919.708,27.055,0.322
1919,10,1919.792,27.239,0.397
1919,11,1919.875,26.879,0.446
1919,12,1919.958,27.156,0.414
1920,1,1920.042,26.802,0.574
1920,2,1920.125,26.921,0.508
1920,3,1920.208,26.364,0.687
1920,4,1920.292,26.998,0.602
1920,5,1920.375,27.165,0.325
1920,6,1920.458,27.124,0.520
1920,7,1920.542,27.226,0.383
1920,8,1920.625,27.060,0.229
1920,9,1920.708,26.869,0.501
1920,10,1920.792,26.888,0.507
1920,11,1920.875,26.674,0.446
1920,12,1920.958,26.550,0.619
1921,1,1921.042,26.798,0.758
1921,2,1921.125,26.654,0.440
1921,3,1921.208,26.121,0.625
1921,4,1921.292,26.086,0.359
1921,5,1921.375,26.748,0.383
1921,6,1921.458,26.975,0.427
1921,7,1921.542,26.997,0.443
1921,8,1921.625,26.781,0.683
1921,9,1921.708,27.017,0.355
1921,10,1921.792,26.695,0.313
1921,11,1921.875,26.938,0.338
1921,12,1921.958,26.871,0.339
1922,1,1922.042,26.955,0.295
1922,2,1922.125,26.676,0.338
1922,3,1922.208,26.314,0.451
1922,4,1922.292,26.698,0.381
1922,5,1922.375,26.846,0.246
1922,6,1922.458,26.812,0.462
1922,7,1922.542,27.472,0.498
1922,8,1922.625,27.309,0.540
1922,9,1922.708,27.166,0.280
1922,10,1922.792,27.057,0.320
1922,11,1922.875,26.689,0.537
1922,12,1922.958,26.495,0.366
1923,1,1923.042,26.168,0.389
1923,2,1923.125,26.234,0.165
1923,3,1923.208,26.185,0.210
1923,4,1923.292,26.324,0.508
1923,5,1923.375,27.214,0.307
1923,6,1923.458,27.265,0.764
1923,7,1923.542,27.491,0.627
1923,8,1923.625,27.487,0.545
1923,9,1923.708,27.411,0.451
1923,10,1923.792,27.138,0.263
1923,11,1923.875,27.002,0.877
1923,12,1923.958,26.700,0.717
1924,1,1924.042,26.822,0.388
1924,2,1924.125,26.746,0.624
1924,3,1924.208,27.469,0.528
1924,4,1924.292,27.469,0.698
1924,5,1924.375,27.738,0.497
1924,6,1924.458,27.371,0.670
1924,7,1924.542,27.536,0.842
1924,8,1924.625,27.366,0.563
1924,9,1924.708,27.010,0.808
1924,10,1924.792,26.941,0.445
1924,11,1924.875,27.110,0.553
1924,12,1924.958,26.764,0.385
1925,1,1925.042,26.281,0.491
1925,2,1925.125,26.096,0.390
1925,3,1925.208,26.015,0.609
1925,4,1925.292,27.063,0.249
1925,5,1925.375,27.494,0.396
1925,6,1925.458,27.237,0.319
1925,7,1925.542,27.367,0.229
1925,8,1925.625,27.202,0.219
1925,9,1925.708,26.890,0.099
1925,10,1925.792,27.211,0.310
1925,11,1925.875,27.020,0.333
1925,12,1925.958,27.419,0.463
1926,1,1926.042,27.328,0.316
1926,2,1926.125,27.502,0.403
1926,3,1926.208,27.318,0.968
1926,4,1926.292,27.592,0.716
1926,5,1926.375,28.029,0.330
1926,6,1926.458,28.014,0.484
1926,7,1926.542,28.158,0.871
1926,8,1926.625,27.592,0.449
1926,9,1926.708,27.454,0.805
1926,10,1926.792,27.529,0.492
1926,11,1926.875,27.335,0.385
1926,12,1926.958,26.953,0.468
1927,1,1927.042,27.006,0.468
1927,2,1927.125,26.263,0.701
1927,3,1927.208,26.819,0.515
1927,4,1927.292,26.591,0.437
1927,5,1927.375,27.369,0.545
1927,6,1927.458,27.355,0.350
1927,7,1927.542,27.623,0.597
1927,8,1927.625,27.662,0.434
1927,9,1927.708,27.483,0.536
1927,10,1927.792,27.571,0.358
1927,11,1927.875,27.573,0.236
1927,12,1927.958,27.083,0.285
1928,1,1928.042,26.875,0.307
1928,2,1928.125,27.126,0.583
1928,3,1928.208,26.875,0.316
1928,4,1928.292,27.773,1.398
1928,5,1928.375,27.626,0.432
1928,6,1928.458,27.764,0.419
1928,7,1928.542,27.558,0.242
1928,8,1928.625,27.390,0.291
1928,9,1928.708,27.462,0.413
1928,10,1928.792,27.446,0.310
1928,11,1928.875,27.364,0.296
1928,12,1928.958,26.983,0.539
1929,1,1929.042,26.698,0.452
1929,2,1929.125,26.453,0.727
1929,3,1929.208,26.403,0.693
1929,4,1929.292,26.893,0.549
1929,5,1929.375,26.797,0.202
1929,6,1929.458,27.395,0.667
1929,7,1929.542,27.617,0.332
1929,8,1929.625,27.599,0.577
1929,9,1929.708,27.336,0.221
1929,10,1929.792,27.762,0.241
1929,11,1929.875,27.351,0.604
1929,12,1929.958,26.956,0.444
1930,1,1930.042,26.949,0.497
1930,2,1930.125,26.114,1.256
1930,3,1930.208,26.826,1.001
1930,4,1930.292,26.557,1.046
1930,5,1930.375,27.057,0.289
1930,6,1930.458,27.025,0.243
1930,7,1930.542,27.312,0.326
1930,8,1930.625,27.314,0.176
1930,9,1930.708,27.134,0.325
1930,10,1930.792,27.087,0.545
1930,11,1930.875,27.374,0.466
1930,12,1930.958,27.540,0.271
1931,1,1931.042,27.727,0.227
1931,2,1931.125,27.410,0.283
1931,3,1931.208,28.137,0.397
1931,4,1931.292,27.938,0.250
1931,5,1931.375,28.048,0.401
1931,6,1931.458,27.907,0.562
1931,7,1931.542,27.673,0.639
1931,8,1931.625,27.705,0.436
1931,9,1931.708,27.419,0.651
1931,10,1931.792,27.635,0.841
1931,11,1931.875,26.656,0.964
1931,12,1931.958,27.387,0.197
1932,1,1932.042,27.166,0.524
1932,2,1932.125,27.280,0.913
1932,3,1932.208,27.615,0.825
1932,4,1932.292,28.152,1.032
1932,5,1932.375,27.576,0.684
1932,6,1932.458,27.771,0.721
1932,7,1932.542,27.567,0.635
1932,8,1932.625,27.458,0.618
1932,9,1932.708,27.974,1.130
1932,10,1932.792,27.593,0.323
1932,11,1932.875,27.729,0.376
1932,12,1932.958,27.409,0.300
1933,1,1933.042,26.917,0.409
1933,2,1933.125,26.459,0.798
1933,3,1933.208,26.985,0.861
1933,4,1933.292,27.132,0.380
1933,5,1933.375,27.335,0.435
1933,6,1933.458,27.160,0.313
1933,7,1933.542,27.445,0.329
1933,8,1933.625,27.049,0.344
1933,9,1933.708,26.875,0.321
1933,10,1933.792,26.905,0.476
1933,11,1933.875,26.939,0.292
1933,12,1933.958,26.747,0.367
1934,1,1934.042,26.794,0.650
1934,2,1934.125,26.628,1.227
1934,3,1934.208,26.278,0.805
1934,4,1934.292,27.642,1.250
1934,5,1934.375,27.708,0.480
1934,6,1934.458,28.079,0.737
1934,7,1934.542,27.554,0.528
1934,8,1934.625,27.446,0.385
1934,9,1934.708,27.407,0.325
1934,10,1934.792,27.306,0.423
1934,11,1934.875,27.172,0.221
1934,12,1934.958,27.249,0.350
1935,1,1935.042,26.938,0.613
1935,2,1935.125,26.947,0.766
1935,3,1935.208,26.479,0.709
1935,4,1935.292,26.918,0.556
1935,5,1935.375,26.589,0.580
1935,6,1935.458,27.162,0.515
1935,7,1935.542,27.343,0.435
1935,8,1935.625,26.744,0.448
1935,9,1935.708,27.125,0.304
1935,10,1935.792,27.116,0.411
1935,11,1935.875,27.017,0.295
1935,12,1935.958,27.127,0.519
1936,1,1936.042,27.132,0.845
1936,2,1936.125,26.674,1.054
1936,3,1936.208,27.324,1.057
1936,4,1936.292,27.404,0.665
1936,5,1936.375,27.489,0.253
1936,6,1936.458,27.159,0.445
1936,7,1936.542,27.217,0.493
1936,8,1936.625,27.386,0.454
1936,9,1936.708,27.141,0.502
1936,10,1936.792,27.051,0.412
1936,11,1936.875,27.030,0.378
1936,12,1936.958,26.701,0.281
1937,1,1937.042,26.758,0.653
1937,2,1937.125,26.586,0.851
1937,3,1937.208,27.260,1.202
1937,4,1937.292,27.277,0.529
1937,5,1937.375,27.365,0.190
1937,6,1937.458,27.501,0.348
1937,7,1937.542,27.490,0.269
1937,8,1937.625,27.458,0.325
1937,9,1937.708,27.311,0.572
1937,10,1937.792,27.765,0.636
1937,11,1937.875,27.685,0.378
1937,12,1937.958,27.455,0.787
1938,1,1938.042,26.542,0.803
1938,2,1938.125,26.745,0.585
1938,3,1938.208,25.988,0.588
1938,4,1938.292,26.438,0.672
1938,5,1938.375,27.005,0.433
1938,6,1938.458,27.181,0.551
1938,7,1938.542,27.342,0.556
1938,8,1938.625,27.006,0.329
1938,9,1938.708,26.994,0.354
1938,10,1938.792,26.947,0.438
1938,11,1938.875,27.018,0.475
1938,12,1938.958,26.548,0.996
1939,1,1939.042,26.667,0.620
1939,2,1939.125,25.603,0.607
1939,3,1939.208,25.788,0.402
1939,4,1939.292,26.647,0.494
1939,5,1939.375,27.397,0.415
1939,6,1939.458,27.371,0.513
1939,7,1939.542,27.549,0.627
1939,8,1939.625,27.772,0.453
1939,9,1939.708,27.829,0.476
1939,10,1939.792,27.513,0.516
1939,11,1939.875,27.247,0.296
1939,12,1939.958,27.445,0.611
1940,1,1940.042,27.137,0.624
1940,2,1940.125,27.582,0.286
1940,3,1940.208,27.227,0.403
1940,4,1940.292,28.139,0.318
1940,5,1940.375,28.329,0.423
1940,6,1940.458,28.162,0.584
1940,7,1940.542,27.968,0.774
1940,8,1940.625,27.927,0.595
1940,9,1940.708,27.853,0.292
1940,10,1940.792,27.690,0.422
1940,11,1940.875,27.534,0.514
1940,12,1940.958,27.682,0.713
1941,1,1941.042,27.465,0.472
1941,2,1941.125,28.412,0.574
1941,3,1941.208,27.853,0.417
1941,4,1941.292,28.125,0.564
1941,5,1941.375,28.321,0.256
1941,6,1941.458,27.989,0.469
1941,7,1941.542,27.595,0.452
1941,8,1941.625,27.673,0.800
1941,9,1941.708,27.726,0.318
1941,10,1941.792,27.791,0.256
1941,11,1941.875,27.613,0.451
1941,12,1941.958,27.831,0.259
1942,1,1942.042,28.128,0.277
1942,2,1942.125,28.242,0.309
1942,3,1942.208,28.100,0.254
1942,4,1942.292,28.076,0.504
1942,5,1942.375,27.920,0.604
1942,6,1942.458,27.909,0.301
1942,7,1942.542,28.040,0.559
1942,8,1942.625,27.718,0.642
1942,9,1942.708,27.649,0.451
1942,10,1942.792,27.647,0.497
1942,11,1942.875,27.625,0.211
1942,12,1942.958,27.377,0.384
1943,1,1943.042,27.155,0.542
1943,2,1943.125,27.155,0.686
1943,3,1943.208,26.806,0.548
1943,4,1943.292,27.408,0.253
1943,5,1943.375,26.887,0.319
1943,6,1943.458,27.167,0.666
1943,7,1943.542,27.434,0.472
1943,8,1943.625,27.523,0.491
1943,9,1943.708,27.796,0.355
1943,10,1943.792,27.544,0.226
1943,11,1943.875,27.131,0.386
1943,12,1943.958,27.203,0.427
1944,1,1944.042,27.322,0.365
1944,2,1944.125,27.092,0.604
1944,3,1944.208,26.922,0.581
1944,4,1944.292,27.385,0.425
1944,5,1944.375,27.327,0.631
1944,6,1944.458,27.563,0.446
1944,7,1944.542,27.899,0.579
1944,8,1944.625,27.864,0.951
1944,9,1944.708,27.397,0.340
1944,10,1944.792,27.694,0.344
1944,11,1944.875,27.142,0.255
1944,12,1944.958,27.199,0.579
1945,1,1945.042,26.694,0.534
1945,2,1945.125,26.768,0.631
1945,3,1945.208,26.869,0.542
1945,4,1945.292,26.835,0.945
1945,5,1945.375,26.856,0.958
1945,6,1945.458,27.139,0.305
1945,7,1945.542,27.359,0.405
1945,8,1945.625,27.529,0.294
1945,9,1945.708,27.289,0.412
1945,10,1945.792,27.067,0.381
1945,11,1945.875,27.103,0.283
1945,12,1945.958,27.396,0.393
1946,1,1946.042,26.948,0.714
1946,2,1946.125,26.536,0.383
1946,3,1946.208,26.738,0.182
1946,4,1946.292,26.692,0.438
1946,5,1946.375,27.121,0.417
1946,6,1946.458,27.036,0.277
1946,7,1946.542,27.139,0.514
1946,8,1946.625,26.523,0.459
1946,9,1946.708,26.985,0.491
1946,10,1946.792,27.196,0.733
1946,11,1946.875,27.011,0.294
1946,12,1946.958,27.221,0.743
1947,1,1947.042,27.232,0.215
1947,2,1947.125,27.633,0.258
1947,3,1947.208,27.540,0.291
1947,4,1947.292,27.374,0.432
1947,5,1947.375,27.572,0.405
1947,6,1947.458,27.681,0.182
1947,7,1947.542,27.253,0.264
1947,8,1947.625,27.356,0.356
1947,9,1947.708,27.433,0.294
1947,10,1947.792,27.582,0.388
1947,11,1947.875,27.586,0.292
1947,12,1947.958,27.465,0.425
1948,1,1948.042,27.847,0.502
1948,2,1948.125,27.258,0.553
1948,3,1948.208,27.000,0.474
1948,4,1948.292,26.660,0.583
1948,5,1948.375,27.973,0.108
1948,6,1948.458,27.722,0.494
1948,7,1948.542,27.448,0.523
1948,8,1948.625,27.303,0.581
1948,9,1948.708,27.400,0.404
1948,10,1948.792,27.466,0.283
1948,11,1948.875,27.478,0.217
1948,12,1948.958,27.195,0.351
1949,1,1949.042,26.557,0.555
1949,2,1949.125,26.685,0.336
1949,3,1949.208,27.034,0.149
1949,4,1949.292,27.543,0.233
1949,5,1949.375,27.623,0.346
1949,6,1949.458,27.246,0.380
1949,7,1949.542,27.240,0.377
1949,8,1949.625,27.120,0.331
1949,9,1949.708,27.343,0.244
1949,10,1949.792,27.193,0.267
1949,11,1949.875,27.062,0.415
1949,12,1949.958,26.737,0.294
1950,1,1950.042,26.121,0.525
1950,2,1950.125,26.833,0.390
1950,3,1950.208,26.252,0.695
1950,4,1950.292,26.602,0.661
1950,5,1950.375,26.416,0.608
1950,6,1950.458,26.613,0.558
1950,7,1950.542,27.030,0.209
1950,8,1950.625,26.854,0.139
1950,9,1950.708,27.348,0.412
1950,10,1950.792,26.757,0.539
1950,11,1950.875,26.959,0.333
1950,12,1950.958,27.019,0.245
1951,1,1951.042,26.771,0.366
1951,2,1951.125,26.420,0.453
1951,3,1951.208,26.316,0.390
1951,4,1951.292,27.329,0.555
1951,5,1951.375,27.473,0.406
1951,6,1951.458,27.385,0.332
1951,7,1951.542,27.434,0.421
1951,8,1951.625,27.824,0.188
1951,9,1951.708,27.864,0.453
1951,10,1951.792,27.840,0.173
1951,11,1951.875,27.764,0.153
1951,12,1951.958,27.690,0.311
1952,1,1952.042,27.298,0.466
1952,2,1952.125,27.534,0.573
1952,3,1952.208,27.606,0.601
1952,4,1952.292,27.694,0.403
1952,5,1952.375,28.061,0.281
1952,6,1952.458,27.747,0.204
1952,7,1952.542,27.523,0.106
1952,8,1952.625,27.720,0.208
1952,9,1952.708,27.745,0.431
1952,10,1952.792,28.022,0.419
1952,11,1952.875,27.446,0.181
1952,12,1952.958,27.357,0.315
1953,1,1953.042,27.413,0.330
1953,2,1953.125,27.046,0.384
1953,3,1953.208,26.969,0.355
1953,4,1953.292,27.848,0.476
1953,5,1953.375,27.287,0.206
1953,6,1953.458,27.822,0.107
1953,7,1953.542,27.680,0.251
1953,8,1953.625,27.709,0.189
1953,9,1953.708,27.628,0.237
1953,10,1953.792,27.643,0.255
1953,11,1953.875,28.041,0.180
1953,12,1953.958,27.660,0.243
1954,1,1954.042,27.375,0.282
1954,2,1954.125,27.270,0.206
1954,3,1954.208,27.568,0.535
1954,4,1954.292,26.966,0.206
1954,5,1954.375,27.364,0.255
1954,6,1954.458,27.335,0.252
1954,7,1954.542,27.369,0.169
1954,8,1954.625,27.473,0.328
1954,9,1954.708,27.324,0.619
1954,10,1954.792,26.490,0.451
1954,11,1954.875,26.852,0.372
1954,12,1954.958,26.706,0.264
1955,1,1955.042,26.985,0.303
1955,2,1955.125,26.966,0.185
1955,3,1955.208,26.417,0.468
1955,4,1955.292,26.498,0.267
1955,5,1955.375,27.047,0.312
1955,6,1955.458,27.046,0.380
1955,7,1955.542,27.289,0.272
1955,8,1955.625,27.460,0.463
1955,9,1955.708,26.936,0.265
1955,10,1955.792,27.083,0.336
1955,11,1955.875,27.294,0.350
1955,12,1955.958,27.149,0.197
1956,1,1956.042,27.034,0.314
1956,2,1956.125,27.111,0.276
1956,3,1956.208,26.981,0.203
1956,4,1956.292,27.374,0.463
1956,5,1956.375,27.171,0.315
1956,6,1956.458,27.133,0.312
1956,7,1956.542,27.174,0.236
1956,8,1956.625,27.266,0.178
1956,9,1956.708,27.067,0.241
1956,10,1956.792,27.155,0.217
1956,11,1956.875,27.251,0.186
1956,12,1956.958,26.872,0.418
1957,1,1957.042,26.874,0.270
1957,2,1957.125,26.953,0.239
1957,3,1957.208,27.195,0.152
1957,4,1957.292,27.011,0.326
1957,5,1957.375,27.089,0.466
1957,6,1957.458,27.562,0.538
1957,7,1957.542,27.615,0.270
1957,8,1957.625,27.759,0.459
1957,9,1957.708,27.806,0.493
1957,10,1957.792,27.904,0.541
1957,11,1957.875,27.506,0.456
1957,12,1957.958,27.700,0.395
1958,1,1958.042,28.034,0.269
1958,2,1958.125,28.066,0.292
1958,3,1958.208,28.817,0.438
1958,4,1958.292,28.496,0.246
1958,5,1958.375,28.393,0.314
1958,6,1958.458,28.273,0.736
1958,7,1958.542,27.876,0.228
1958,8,1958.625,27.950,0.302
1958,9,1958.708,28.080,0.286
1958,10,1958.792,27.936,0.160
1958,11,1958.875,27.571,0.327
1958,12,1958.958,27.752,0.140
1959,1,1959.042,27.673,0.300
1959,2,1959.125,27.374,0.292
1959,3,1959.208,27.542,0.291
1959,4,1959.292,27.815,0.303
1959,5,1959.375,27.109,0.255
1959,6,1959.458,27.250,0.137
1959,7,1959.542,27.536,0.239
1959,8,1959.625,27.204,0.227
1959,9,1959.708,27.454,0.335
1959,10,1959.792,27.363,0.173
1959,11,1959.875,27.435,0.378
1959,12,1959.958,28.387,0.282
1960,1,1960.042,28.078,0.217
1960,2,1960.125,28.346,0.276
1960,3,1960.208,28.029,0.293
1960,4,1960.292,27.989,0.201
1960,5,1960.375,27.927,0.409
1960,6,1960.458,27.735,0.269
1960,7,1960.542,27.629,0.177
1960,8,1960.625,27.204,0.388
1960,9,1960.708,27.521,0.223
1960,10,1960.792,27.511,0.504
1960,11,1960.875,27.751,0.264
1960,12,1960.958,27.296,0.409
1961,1,1961.042,27.994,0.224
1961,2,1961.125,27.693,0.311
1961,3,1961.208,27.517,0.161
1961,4,1961.292,27.691,0.574
1961,5,1961.375,27.600,0.732
1961,6,1961.458,27.396,0.753
1961,7,1961.542,27.298,0.416
1961,8,1961.625,27.325,0.716
1961,9,1961.708,27.305,0.289
1961,10,1961.792,27.482,0.427
1961,11,1961.875,26.972,0.149
1961,12,1961.958,27.530,0.204
1962,1,1962.042,27.585,0.189
1962,2,1962.125,27.174,0.262
1962,3,1962.208,27.608,0.409
1962,4,1962.292,27.505,0.371
1962,5,1962.375,27.621,0.158
1962,6,1962.458,27.188,0.882
1962,7,1962.542,27.759,0.166
1962,8,1962.625,27.497,0.190
1962,9,1962.708,27.772,0.460
1962,10,1962.792,27.743,0.418
1962,11,1962.875,27.753,0.212
1962,12,1962.958,27.665,0.328
1963,1,1963.042,27.598,0.196
1963,2,1963.125,27.791,0.210
1963,3,1963.208,27.561,0.274
1963,4,1963.292,27.411,0.482
1963,5,1963.375,27.001,0.270
1963,6,1963.458,27.509,0.271
1963,7,1963.542,27.410,0.191
1963,8,1963.625,28.007,0.255
1963,9,1963.708,27.787,0.366
1963,10,1963.792,28.160,0.180
1963,11,1963.875,27.628,0.218
1963,12,1963.958,28.267,0.089
1964,1,1964.042,27.872,0.527
1964,2,1964.125,28.081,0.189
1964,3,1964.208,27.819,0.207
1964,4,1964.292,27.612,0.180
1964,5,1964.375,27.675,0.629
1964,6,1964.458,27.288,0.209
1964,7,1964.542,27.363,0.173
1964,8,1964.625,27.645,0.499
1964,9,1964.708,27.618,0.369
1964,10,1964.792,27.351,0.254
1964,11,1964.875,27.495,0.190
1964,12,1964.958,26.706,0.236
1965,1,1965.042,27.118,0.193
1965,2,1965.125,26.965,0.254
1965,3,1965.208,27.334,0.521
1965,4,1965.292,26.972,0.264
1965,5,1965.375,27.214,0.549
1965,6,1965.458,26.967,0.583
1965,7,1965.542,27.549,0.398
1965,8,1965.625,27.197,0.451
1965,9,1965.708,27.686,0.286
1965,10,1965.792,27.614,0.458
1965,11,1965.875,27.728,0.350
1965,12,1965.958,28.154,0.283
1966,1,1966.042,28.345,0.492
1966,2,1966.125,27.862,0.217
1966,3,1966.208,27.890,0.287
1966,4,1966.292,27.758,0.412
1966,5,1966.375,27.587,0.388
1966,6,1966.458,27.323,0.492
1966,7,1966.542,27.764,0.317
1966,8,1966.625,27.688,0.279
1966,9,1966.708,27.449,0.229
1966,10,1966.792,27.345,0.222
1966,11,1966.875,27.286,0.335
1966,12,1966.958,27.382,0.535
1967,1,1967.042,27.592,0.440
1967,2,1967.125,27.602,0.328
1967,3,1967.208,27.201,1.026
1967,4,1967.292,27.281,0.755
1967,5,1967.375,27.222,0.274
1967,6,1967.458,27.425,0.268
1967,7,1967.542,27.035,0.427
1967,8,1967.625,27.141,0.562
1967,9,1967.708,27.234,0.350
1967,10,1967.792,27.485,0.339
1967,11,1967.875,27.257,0.273
1967,12,1967.958,27.375,0.249
1968,1,1968.042,27.178,0.129
1968,2,1968.125,27.282,0.245
1968,3,1968.208,27.298,0.694
1968,4,1968.292,27.197,0.549
1968,5,1968.375,27.462,0.381
1968,6,1968.458,27.407,0.760
1968,7,1968.542,27.560,0.355
1968,8,1968.625,27.540,0.262
1968,9,1968.708,27.544,0.460
1968,10,1968.792,27.677,0.306
1968,11,1968.875,27.705,0.158
1968,12,1968.958,27.697,0.153
1969,1,1969.042,27.456,0.376
1969,2,1969.125,27.811,0.130
1969,3,1969.208,28.297,0.752
1969,4,1969.292,28.483,0.313
1969,5,1969.375,28.418,0.305
1969,6,1969.458,28.307,0.187
1969,7,1969.542,27.950,0.481
1969,8,1969.625,27.760,0.303
1969,9,1969.708,28.023,0.172
1969,10,1969.792,27.426,0.306
1969,11,1969.875,27.748,0.204
1969,12,1969.958,28.081,0.194
1970,1,1970.042,28.219,0.158
1970,2,1970.125,27.978,0.453
1970,3,1970.208,27.794,0.371
1970,4,1970.292,27.991,0.278
1970,5,1970.375,27.970,0.466
1970,6,1970.458,27.717,0.375
1970,7,1970.542,27.540,0.313
1970,8,1970.625,27.485,0.196
1970,9,1970.708,27.310,0.425
1970,10,1970.792,27.591,0.192
1970,11,1970.875,27.156,0.263
1970,12,1970.958,27.659,0.366
1971,1,1971.042,27.450,0.314
1971,2,1971.125,27.543,0.247
1971,3,1971.208,27.388,0.351
1971,4,1971.292,27.193,0.251
1971,5,1971.375,27.023,0.161
1971,6,1971.458,27.178,0.241
1971,7,1971.542,27.183,0.338
1971,8,1971.625,27.035,0.213
1971,9,1971.708,26.997,0.519
1971,10,1971.792,26.816,0.239
1971,11,1971.875,27.097,0.224
1971,12,1971.958,27.156,0.340
1972,1,1972.042,27.134,0.252
1972,2,1972.125,27.346,0.214
1972,3,1972.208,27.499,0.569
1972,4,1972.292,27.203,0.404
1972,5,1972.375,27.272,0.249
1972,6,1972.458,27.853,0.251
1972,7,1972.542,27.538,0.422
1972,8,1972.625,27.440,0.549
1972,9,1972.708,27.766,0.280
1972,10,1972.792,27.848,0.305
1972,11,1972.875,27.821,0.209
1972,12,1972.958,28.121,0.248
1973,1,1973.042,28.555,0.260
1973,2,1973.125,28.064,0.286
1973,3,1973.208,28.145,0.314
1973,4,1973.292,27.832,0.443
1973,5,1973.375,27.845,0.406
1973,6,1973.458,27.896,0.305
1973,7,1973.542,27.877,0.464
1973,8,1973.625,27.670,0.464
1973,9,1973.708,27.308,0.191
1973,10,1973.792,27.474,0.383
1973,11,1973.875,26.897,0.212
1973,12,1973.958,26.662,0.275
1974,1,1974.042,26.801,0.233
1974,2,1974.125,27.134,0.314
1974,3,1974.208,26.957,0.384
1974,4,1974.292,26.757,0.351
1974,5,1974.375,26.775,0.577
1974,6,1974.458,27.339,0.591
1974,7,1974.542,27.376,0.264
1974,8,1974.625,27.090,0.373
1974,9,1974.708,26.971,0.385
1974,10,1974.792,27.168,0.257
1974,11,1974.875,27.510,0.346
1974,12,1974.958,27.135,0.303
1975,1,1975.042,27.432,0.165
1975,2,1975.125,27.320,0.302
1975,3,1975.208,27.689,0.168
1975,4,1975.292,27.195,0.350
1975,5,1975.375,27.094,0.487
1975,6,1975.458,27.667,0.321
1975,7,1975.542,27.360,0.363
1975,8,1975.625,27.606,0.538
1975,9,1975.708,27.227,0.587
1975,10,1975.792,26.825,0.356
1975,11,1975.875,27.223,0.624
1975,12,1975.958,26.495,0.538
1976,1,1976.042,26.398,0.338
1976,2,1976.125,26.525,0.441
1976,3,1976.208,26.326,0.247
1976,4,1976.292,26.967,0.308
1976,5,1976.375,27.161,0.401
1976,6,1976.458,27.070,0.380
1976,7,1976.542,26.993,0.543
1976,8,1976.625,27.357,0.562
1976,9,1976.708,27.358,0.426
1976,10,1976.792,27.362,0.581
1976,11,1976.875,27.660,0.327
1976,12,1976.958,27.579,0.355
1977,1,1977.042,27.942,0.263
1977,2,1977.125,27.892,0.244
1977,3,1977.208,27.596,0.301
1977,4,1977.292,27.547,0.350
1977,5,1977.375,27.792,0.502
1977,6,1977.458,27.286,0.234
1977,7,1977.542,27.759,0.282
1977,8,1977.625,27.715,0.255
1977,9,1977.708,27.789,0.284
1977,10,1977.792,27.824,0.192
1977,11,1977.875,27.915,0.316
1977,12,1977.958,27.817,0.250
1978,1,1978.042,27.741,0.233
1978,2,1978.125,28.279,0.158
1978,3,1978.208,28.139,0.273
1978,4,1978.292,27.946,0.526
1978,5,1978.375,27.830,0.285
1978,6,1978.458,27.456,0.216
1978,7,1978.542,27.410,0.433
1978,8,1978.625,27.210,0.475
1978,9,1978.708,27.584,0.322
1978,10,1978.792,27.601,0.269
1978,11,1978.875,27.916,0.216
1978,12,1978.958,27.474,0.319
1979,1,1979.042,27.458,0.309
1979,2,1979.125,28.074,0.418
1979,3,1979.208,28.144,0.458
1979,4,1979.292,27.750,0.346
1979,5,1979.375,27.823,0.552
1979,6,1979.458,27.816,0.308
1979,7,1979.542,27.644,0.375
1979,8,1979.625,27.713,0.372
1979,9,1979.708,27.550,0.384
1979,10,1979.792,27.972,0.352
1979,11,1979.875,28.268,0.569
1979,12,1979.958,28.013,0.576
1980,1,1980.042,28.198,0.415
1980,2,1980.125,28.097,0.284
1980,3,1980.208,27.958,0.410
1980,4,1980.292,28.288,0.363
1980,5,1980.375,28.294,0.167
1980,6,1980.458,28.225,0.324
1980,7,1980.542,28.106,0.279
1980,8,1980.625,27.911,0.428
1980,9,1980.708,27.901,0.336
1980,10,1980.792,27.888,0.311
1980,11,1980.875,27.655,0.347
1980,12,1980.958,28.063,0.256
1981,1,1981.042,28.475,0.379
1981,2,1981.125,28.473,0.312
1981,3,1981.208,28.376,0.298
1981,4,1981.292,27.449,0.294
1981,5,1981.375,27.813,0.740
1981,6,1981.458,27.558,0.525
1981,7,1981.542,27.717,0.455
1981,8,1981.625,27.582,0.531
1981,9,1981.708,27.380,0.208
1981,10,1981.792,27.655,0.296
1981,11,1981.875,28.205,0.220
1981,12,1981.958,28.475,0.208
1982,1,1982.042,27.855,0.183
1982,2,1982.125,27.724,0.142
1982,3,1982.208,27.371,0.399
1982,4,1982.292,27.347,0.444
1982,5,1982.375,27.532,0.414
1982,6,1982.458,27.550,0.252
1982,7,1982.542,27.479,0.272
1982,8,1982.625,27.539,0.286
1982,9,1982.708,27.496,0.350
1982,10,1982.792,27.421,0.292
1982,11,1982.875,27.497,0.240
1982,12,1982.958,27.608,0.272
1983,1,1983.042,28.089,0.243
1983,2,1983.125,28.003,0.286
1983,3,1983.208,28.515,0.360
1983,4,1983.292,28.074,0.187
1983,5,1983.375,27.767,0.287
1983,6,1983.458,28.147,0.476
1983,7,1983.542,28.039,0.318
1983,8,1983.625,27.862,0.395
1983,9,1983.708,27.838,0.456
1983,10,1983.792,27.474,0.350
1983,11,1983.875,27.930,0.176
1983,12,1983.958,27.899,0.150
1984,1,1984.042,27.919,0.272
1984,2,1984.125,27.986,0.287
1984,3,1984.208,27.544,0.276
1984,4,1984.292,27.599,0.401
1984,5,1984.375,27.463,0.157
1984,6,1984.458,27.635,0.462
1984,7,1984.542,27.378,0.244
1984,8,1984.625,27.373,0.212
1984,9,1984.708,27.087,0.240
1984,10,1984.792,27.227,0.274
1984,11,1984.875,26.879,0.198
1984,12,1984.958,26.987,0.392
1985,1,1985.042,26.937,0.125
1985,2,1985.125,27.165,0.421
1985,3,1985.208,26.915,0.206
1985,4,1985.292,26.949,0.237
1985,5,1985.375,27.451,0.165
1985,6,1985.458,27.404,0.385
1985,7,1985.542,27.357,0.237
1985,8,1985.625,27.150,0.314
1985,9,1985.708,27.158,0.430
1985,10,1985.792,26.859,0.175
1985,11,1985.875,26.816,0.342
1985,12,1985.958,26.821,0.434
1986,1,1986.042,27.215,0.418
1986,2,1986.125,27.086,0.304
1986,3,1986.208,27.373,0.297
1986,4,1986.292,27.695,0.344
1986,5,1986.375,27.391,0.388
1986,6,1986.458,27.553,0.288
1986,7,1986.542,27.564,0.357
1986,8,1986.625,27.485,0.324
1986,9,1986.708,27.000,0.296
1986,10,1986.792,27.136,0.202
1986,11,1986.875,27.135,0.221
1986,12,1986.958,27.223,0.490
1987,1,1987.042,27.512,0.616
1987,2,1987.125,27.869,0.364
1987,3,1987.208,27.983,0.224
1987,4,1987.292,28.618,0.252
1987,5,1987.375,28.104,0.248
1987,6,1987.458,28.308,0.229
1987,7,1987.542,28.099,0.334
1987,8,1987.625,28.136,0.321
1987,9,1987.708,28.230,0.247
1987,10,1987.792,28.143,0.347
1987,11,1987.875,28.212,0.164
1987,12,1987.958,28.627,0.349
1988,1,1988.042,27.753,0.449
1988,2,1988.125,27.623,0.354
1988,3,1988.208,27.504,0.296
1988,4,1988.292,27.840,0.423
1988,5,1988.375,28.092,0.253
1988,6,1988.458,28.151,0.202
1988,7,1988.542,28.014,0.271
1988,8,1988.625,27.199,0.263
1988,9,1988.708,27.253,0.420
1988,10,1988.792,26.893,0.474
1988,11,1988.875,27.382,0.257
1988,12,1988.958,26.794,0.395
1989,1,1989.042,26.909,0.491
1989,2,1989.125,26.971,0.441
1989,3,1989.208,26.958,0.335
1989,4,1989.292,27.145,0.379
1989,5,1989.375,27.060,0.499
1989,6,1989.458,27.303,0.422
1989,7,1989.542,27.737,0.296
1989,8,1989.625,27.894,0.596
1989,9,1989.708,27.687,0.398
1989,10,1989.792,27.560,0.289
1989,11,1989.875,27.576,0.331
1989,12,1989.958,27.705,0.417
1990,1,1990.042,27.590,0.302
1990,2,1990.125,27.180,0.556
1990,3,1990.208,27.366,0.400
1990,4,1990.292,27.665,0.439
1990,5,1990.375,27.571,0.427
1990,6,1990.458,27.866,0.259
1990,7,1990.542,27.813,0.291
1990,8,1990.625,27.740,0.295
1990,9,1990.708,28.005,0.425
1990,10,1990.792,27.722,0.353
1990,11,1990.875,27.970,0.489
1990,12,1990.958,27.525,0.361
1991,1,1991.042,27.611,0.332
1991,2,1991.125,28.011,0.257
1991,3,1991.208,27.700,0.217
1991,4,1991.292,27.502,0.417
1991,5,1991.375,27.801,0.289
1991,6,1991.458,27.961,0.227
1991,7,1991.542,27.877,0.224
1991,8,1991.625,27.761,0.397
1991,9,1991.708,27.594,0.348
1991,10,1991.792,27.774,0.199
1991,11,1991.875,27.397,0.309
1991,12,1991.958,26.875,0.243
1992,1,1992.042,27.664,0.268
1992,2,1992.125,27.957,0.247
1992,3,1992.208,28.039,0.367
1992,4,1992.292,28.333,0.212
1992,5,1992.375,28.218,0.395
1992,6,1992.458,27.959,0.291
1992,7,1992.542,27.399,0.225
1992,8,1992.625,27.671,0.278
1992,9,1992.708,27.442,0.315
1992,10,1992.792,27.961,0.310
1992,11,1992.875,27.595,0.246
1992,12,1992.958,27.691,0.454
1993,1,1993.042,27.748,0.384
1993,2,1993.125,27.769,0.394
1993,3,1993.208,27.803,0.284
1993,4,1993.292,28.035,0.334
1993,5,1993.375,28.208,0.504
1993,6,1993.458,28.097,0.274
1993,7,1993.542,27.926,0.261
1993,8,1993.625,27.509,0.321
1993,9,1993.708,27.389,0.275
1993,10,1993.792,27.960,0.270
1993,11,1993.875,27.584,0.319
1993,12,1993.958,27.930,0.422
1994,1,1994.042,27.716,0.369
1994,2,1994.125,27.615,0.495
1994,3,1994.208,27.737,0.381
1994,4,1994.292,27.623,0.247
1994,5,1994.375,27.835,0.259
1994,6,1994.458,27.917,0.148
1994,7,1994.542,27.385,0.189
1994,8,1994.625,27.519,0.224
1994,9,1994.708,27.497,0.430
1994,10,1994.792,27.803,0.245
1994,11,1994.875,27.949,0.373
1994,12,1994.958,28.009,0.300
1995,1,1995.042,28.296,0.225
1995,2,1995.125,28.136,0.248
1995,3,1995.208,27.771,0.235
1995,4,1995.292,27.973,0.312
1995,5,1995.375,28.216,0.130
1995,6,1995.458,28.017,0.346
1995,7,1995.542,27.903,0.333
1995,8,1995.625,27.779,0.257
1995,9,1995.708,27.859,0.168
1995,10,1995.792,27.482,0.193
1995,11,1995.875,27.855,0.187
1995,12,1995.958,28.378,0.279
1996,1,1996.042,28.236,0.215
1996,2,1996.125,28.503,0.184
1996,3,1996.208,28.039,0.283
1996,4,1996.292,27.916,0.335
1996,5,1996.375,27.723,0.178
1996,6,1996.458,27.696,0.301
1996,7,1996.542,27.544,0.340
1996,8,1996.625,27.746,0.256
1996,9,1996.708,27.938,0.296
1996,10,1996.792,27.557,0.157
1996,11,1996.875,27.375,0.221
1996,12,1996.958,27.605,0.264
1997,1,1997.042,27.731,0.250
1997,2,1997.125,27.755,0.237
1997,3,1997.208,27.025,0.250
1997,4,1997.292,27.649,0.334
1997,5,1997.375,28.102,0.474
1997,6,1997.458,28.256,0.436
1997,7,1997.542,28.072,0.488
1997,8,1997.625,28.034,0.342
1997,9,1997.708,28.324,0.345
1997,10,1997.792,28.336,0.248
1997,11,1997.875,28.265,0.272
1997,12,1997.958,28.684,0.278
1998,1,1998.042,29.026,0.329
1998,2,1998.125,29.011,0.487
1998,3,1998.208,28.555,0.387
1998,4,1998.292,28.537,0.259
1998,5,1998.375,28.497,0.361
1998,6,1998.458,28.448,0.355
1998,7,1998.542,28.148,0.178
1998,8,1998.625,28.680,0.115
1998,9,1998.708,28.283,0.115
1998,10,1998.792,27.860,0.180
1998,11,1998.875,27.881,0.147
1998,12,1998.958,28.030,0.275
1999,1,1999.042,27.671,0.222
1999,2,1999.125,27.377,0.146
1999,3,1999.208,27.841,0.226
1999,4,1999.292,27.421,0.234
1999,5,1999.375,27.874,0.236
1999,6,1999.458,27.837,0.249
1999,7,1999.542,27.676,0.257
1999,8,1999.625,27.842,0.194
1999,9,1999.708,27.686,0.259
1999,10,1999.792,27.169,0.167
1999,11,1999.875,27.512,0.215
1999,12,1999.958,27.058,0.422
2000,1,2000.042,26.844,0.444
2000,2,2000.125,27.062,0.280
2000,3,2000.208,26.950,0.298
2000,4,2000.292,27.383,0.374
2000,5,2000.375,27.498,0.337
2000,6,2000.458,27.307,0.456
2000,7,2000.542,27.581,0.393
2000,8,2000.625,27.876,0.448
2000,9,2000.708,27.517,0.296
2000,10,2000.792,27.776,0.196
2000,11,2000.875,27.118,0.355
2000,12,2000.958,27.745,0.231
2001,1,2001.042,27.894,0.280
2001,2,2001.125,27.367,0.402
2001,3,2001.208,27.680,0.178
2001,4,2001.292,27.499,0.367
2001,5,2001.375,28.001,0.200
2001,6,2001.458,27.805,0.315
2001,7,2001.542,27.971,0.636
2001,8,2001.625,28.081,0.582
2001,9,2001.708,27.852,0.195
2001,10,2001.792,28.062,0.216
2001,11,2001.875,28.295,0.304
2001,12,2001.958,28.631,0.539
2002,1,2002.042,28.462,0.389
2002,2,2002.125,28.080,0.390
2002,3,2002.208,27.997,0.260
2002,4,2002.292,27.722,0.276
2002,5,2002.375,27.871,0.386
2002,6,2002.458,27.958,0.267
2002,7,2002.542,28.101,0.193
2002,8,2002.625,28.334,0.197
2002,9,2002.708,28.403,0.234
2002,10,2002.792,28.250,0.310
2002,11,2002.875,28.354,0.275
2002,12,2002.958,28.579,0.334
2003,1,2003.042,28.803,0.245
2003,2,2003.125,28.706,0.297
2003,3,2003.208,28.302,0.223
2003,4,2003.292,28.242,0.217
2003,5,2003.375,28.097,0.363
2003,6,2003.458,27.822,0.393
2003,7,2003.542,27.793,0.307
2003,8,2003.625,28.224,0.350
2003,9,2003.708,28.109,0.242
2003,10,2003.792,28.410,0.239
2003,11,2003.875,28.189,0.170
2003,12,2003.958,28.368,0.181
2004,1,2004.042,27.878,0.415
2004,2,2004.125,28.067,0.329
2004,3,2004.208,27.895,0.192
2004,4,2004.292,28.113,0.180
2004,5,2004.375,27.609,0.247
2004,6,2004.458,27.711,0.320
2004,7,2004.542,27.812,0.215
2004,8,2004.625,27.881,0.183
2004,9,2004.708,27.804,0.363
2004,10,2004.792,27.843,0.244
2004,11,2004.875,27.068,0.501
2004,12,2004.958,27.756,0.273
2005,1,2005.042,27.762,0.310
2005,2,2005.125,27.630,0.383
2005,3,2005.208,28.691,0.233
2005,4,2005.292,28.486,0.273
2005,5,2005.375,28.574,0.239
2005,6,2005.458,28.617,0.296
2005,7,2005.542,28.375,0.298
2005,8,2005.625,28.414,0.183
2005,9,2005.708,28.426,0.185
2005,10,2005.792,28.164,0.247
2005,11,2005.875,27.596,0.208
2005,12,2005.958,27.626,0.227
2006,1,2006.042,27.834,0.261
2006,2,2006.125,27.724,0.205
2006,3,2006.208,27.932,0.231
2006,4,2006.292,27.783,0.219
2006,5,2006.375,28.286,0.251
2006,6,2006.458,28.434,0.193
2006,7,2006.542,28.160,0.379
2006,8,2006.625,28.111,0.181
2006,9,2006.708,28.391,0.300
2006,10,2006.792,28.227,0.193
2006,11,2006.875,28.552,0.246
2006,12,2006.958,28.467,0.281
2007,1,2007.042,28.294,0.354
2007,2,2007.125,28.256,0.346
2007,3,2007.208,28.204,0.198
2007,4,2007.292,28.342,0.301
2007,5,2007.375,28.402,0.250
2007,6,2007.458,28.446,0.159
2007,7,2007.542,28.434,0.249
2007,8,2007.625,27.963,0.323
2007,9,2007.708,27.852,0.374
2007,10,2007.792,27.703,0.361
2007,11,2007.875,28.154,0.248
2007,12,2007.958,27.638,0.379
2008,1,2008.042,27.970,0.376
2008,2,2008.125,27.766,0.367
2008,3,2008.208,27.552,0.336
2008,4,2008.292,27.689,0.176
2008,5,2008.375,27.752,0.303
2008,6,2008.458,28.042,0.297
2008,7,2008.542,28.109,0.242
2008,8,2008.625,28.312,0.290
2008,9,2008.708,28.290,0.227
2008,10,2008.792,27.332,0.416
2008,11,2008.875,27.596,0.237
2008,12,2008.958,27.569,0.399
2009,1,2009.042,28.264,0.186
2009,2,2009.125,27.468,0.279
2009,3,2009.208,27.260,0.230
2009,4,2009.292,27.549,0.356
2009,5,2009.375,28.019,0.302
2009,6,2009.458,28.341,0.285
2009,7,2009.542,28.479,0.425
2009,8,2009.625,28.395,0.237
2009,9,2009.708,28.686,0.207
2009,10,2009.792,28.508,0.221
2009,11,2009.875,28.802,0.282
2009,12,2009.958,28.850,0.244
2010,1,2010.042,28.898,0.273
2010,2,2010.125,29.155,0.386
2010,3,2010.208,29.697,0.289
2010,4,2010.292,28.746,0.385
2010,5,2010.375,28.673,0.284
2010,6,2010.458,28.650,0.245
2010,7,2010.542,28.614,0.299
2010,8,2010.625,28.637,0.342
2010,9,2010.708,27.710,0.200
2010,10,2010.792,28.013,0.114
2010,11,2010.875,27.096,0.363
2010,12,2010.958,27.852,0.236
2011,1,2011.042,28.130,0.615
2011,2,2011.125,27.816,0.374
2011,3,2011.208,27.158,0.304
2011,4,2011.292,27.225,0.362
2011,5,2011.375,27.589,0.343
2011,6,2011.458,28.396,0.362
2011,7,2011.542,28.108,0.246
2011,8,2011.625,28.225,0.212
2011,9,2011.708,27.865,0.157
2011,10,2011.792,27.573,0.198
2011,11,2011.875,27.764,0.273
2011,12,2011.958,27.664,0.599
2012,1,2012.042,27.663,0.399
2012,2,2012.125,27.755,0.328
2012,3,2012.208,27.483,0.457
2012,4,2012.292,27.594,0.469
2012,5,2012.375,27.820,0.292
2012,6,2012.458,28.052,0.518
2012,7,2012.542,28.266,0.440
2012,8,2012.625,27.942,0.221
2012,9,2012.708,28.155,0.360
2012,10,2012.792,28.003,0.320
2012,11,2012.875,28.395,0.382
2012,12,2012.958,28.200,0.246
2013,1,2013.042,28.302,0.229
2013,2,2013.125,28.296,0.303
2013,3,2013.208,28.291,0.457
2013,4,2013.292,28.064,0.457
2013,5,2013.375,27.984,0.248
2013,6,2013.458,28.303,0.270
2013,7,2013.542,28.509,0.232
2013,8,2013.625,28.348,0.330
2013,9,2013.708,28.576,0.337
2013,10,2013.792,28.501,0.166
2013,11,2013.875,27.813,0.192
2013,12,2013.958,28.185,0.183
2014,1,2014.042,28.174,0.340
2014,2,2014.125,28.344,0.173
2014,3,2014.208,28.105,0.370
2014,4,2014.292,28.044,0.281
2014,5,2014.375,27.694,0.352
2014,6,2014.458,28.399,0.399
2014,7,2014.542,28.275,0.306
2014,8,2014.625,28.251,0.336
2014,9,2014.708,28.225,0.306
2014,10,2014.792,28.305,0.240
2014,11,2014.875,28.256,0.226
2014,12,2014.958,28.632,0.433
2015,1,2015.042,28.790,0.417
2015,2,2015.125,29.090,0.320
2015,3,2015.208,28.204,0.206
2015,4,2015.292,28.392,0.295
2015,5,2015.375,28.119,0.513
2015,6,2015.458,28.255,0.466
2015,7,2015.542,28.349,0.420
2015,8,2015.625,28.254,0.606
2015,9,2015.708,28.861,0.280
2015,10,2015.792,28.766,0.299
2015,11,2015.875,28.508,0.233
2015,12,2015.958,28.838,0.258
2016,1,2016.042,28.557,0.333
2016,2,2016.125,28.565,0.429
2016,3,2016.208,28.803,0.210
2016,4,2016.292,28.507,0.147
2016,5,2016.375,28.352,0.273
